pickup,delivery,distance,equipment,weight,date,predicted_rate
Lexington,Fort Wayne,360,Dry Van,32000.0,2025-12-01,810.0892943712852
Lexington,Fort Wayne,360,Dry Van,32000.0,2025-12-02,832.6809377490823
Lexington,Fort Wayne,360,Dry Van,32000.0,2025-12-03,855.2725811268796
Lexington,Fort Wayne,360,Dry Van,32000.0,2025-12-04,877.8642245046766
Lexington,Fort Wayne,360,Dry Van,32000.0,2025-12-05,900.4558678824739
Lexington,Fort Wayne,360,Dry Van,32000.0,2025-12-06,791.291661811818
Lexington,Fort Wayne,360,Dry Van,32000.0,2025-12-07,813.8833051896153
Lexington,Fort Wayne,360,Dry Van,32000.0,2025-12-08,823.0047337122078
Lexington,Fort Wayne,360,Dry Van,32000.0,2025-12-09,845.5963770900049
Lexington,Fort Wayne,360,Dry Van,32000.0,2025-12-10,868.1880204678022
Lexington,Fort Wayne,360,Dry Van,32000.0,2025-12-11,890.7796638455993
Lexington,Fort Wayne,360,Dry Van,32000.0,2025-12-12,913.3713072233965
Lexington,Fort Wayne,360,Dry Van,32000.0,2025-12-13,804.2071011527406
Lexington,Fort Wayne,360,Dry Van,32000.0,2025-12-14,826.7987445305379
Lexington,Fort Wayne,360,Dry Van,32000.0,2025-12-15,835.9201730531304
Lexington,Fort Wayne,360,Dry Van,32000.0,2025-12-16,858.5118164309275
Lexington,Fort Wayne,360,Dry Van,32000.0,2025-12-17,881.1034598087248
Lexington,Fort Wayne,360,Dry Van,32000.0,2025-12-18,903.6951031865219
Lexington,Fort Wayne,360,Dry Van,32000.0,2025-12-19,926.2867465643191
Lexington,Fort Wayne,360,Dry Van,32000.0,2025-12-20,817.1225404936632
Lexington,Fort Wayne,360,Dry Van,32000.0,2025-12-21,839.7141838714605
Lexington,Fort Wayne,360,Dry Van,32000.0,2025-12-22,848.835612394053
Lexington,Fort Wayne,360,Dry Van,32000.0,2025-12-23,871.4272557718501
Lexington,Fort Wayne,360,Dry Van,32000.0,2025-12-24,894.0188991496474
Lexington,Fort Wayne,360,Dry Van,32000.0,2025-12-25,916.6105425274445
Lexington,Fort Wayne,360,Dry Van,32000.0,2025-12-26,939.2021859052418
Lexington,Fort Wayne,360,Dry Van,32000.0,2025-12-27,830.0379798345858
Lexington,Fort Wayne,360,Dry Van,32000.0,2025-12-28,852.6296232123831
Lexington,Fort Wayne,360,Dry Van,32000.0,2025-12-29,861.7510517349756
Lexington,Fort Wayne,360,Dry Van,32000.0,2025-12-30,884.3426951127727
Lexington,Fort Wayne,360,Dry Van,32000.0,2025-12-31,906.93433849057
