Model,Distance_Range,MAE
dummy_baseline,0-250,1557.6244827586208
dummy_baseline,250-500,1102.0842332065906
dummy_baseline,500-1000,440.44437500000004
dummy_baseline,1000-1500,598.7612359550562
dummy_baseline,1500-2000,1569.7732605042015
dummy_baseline,2000+,2740.892405721717
linear_regression,0-250,121.90303678180719
linear_regression,250-500,108.1509580250389
linear_regression,500-1000,86.44215079214787
linear_regression,1000-1500,122.98638245504094
linear_regression,1500-2000,175.79224922484983
linear_regression,2000+,275.1956924295447
random_forest,0-250,36.94065078716033
random_forest,250-500,71.30926548038777
random_forest,500-1000,108.70098684180013
random_forest,1000-1500,180.19242483151626
random_forest,1500-2000,230.33621604055134
random_forest,2000+,290.0294327412152
xgboost,0-250,113.06971879310345
xgboost,250-500,100.44478539923954
xgboost,500-1000,110.18026447368422
xgboost,1000-1500,207.20782910112362
xgboost,1500-2000,197.52838857142856
xgboost,2000+,273.48963836150847
catboost,0-250,70.92144157365564
catboost,250-500,94.01756902428505
catboost,500-1000,94.36365824241639
catboost,1000-1500,140.96687189106584
catboost,1500-2000,219.16796118034065
catboost,2000+,293.09538832364024
