Model,Rate_Range,MAE
dummy_baseline,0-1000,1337.720695652174
dummy_baseline,1000-2000,545.8731763208149
dummy_baseline,2000-3000,410.4990625
dummy_baseline,3000-5000,1860.5855975924333
dummy_baseline,5000-10000,3601.7315853658542
dummy_baseline,10000+,12298.659166666665
linear_regression,0-1000,150.17376501193394
linear_regression,1000-2000,63.1564258440827
linear_regression,2000-3000,58.647210532146204
linear_regression,3000-5000,130.2328547303429
linear_regression,5000-10000,482.6903253204422
linear_regression,10000+,10459.34180556765
random_forest,0-1000,94.52209110341646
random_forest,1000-2000,73.88865213896068
random_forest,2000-3000,110.14423237843776
random_forest,3000-5000,157.9367576862097
random_forest,5000-10000,545.1730046870337
random_forest,10000+,10531.713835979235
xgboost,0-1000,143.5117037515528
xgboost,1000-2000,78.05655109484405
xgboost,2000-3000,132.55408810606062
xgboost,3000-5000,140.87003155631984
xgboost,5000-10000,500.740343495935
xgboost,10000+,10552.349633333333
catboost,0-1000,119.34323976048694
catboost,1000-2000,67.15858505701209
catboost,2000-3000,83.63895354633328
catboost,3000-5000,167.33899567225637
catboost,5000-10000,449.39880407926785
catboost,10000+,10364.009100350386
