pickup,delivery,distance,equipment,weight,market_index,quote_signal,month,day,day_of_week,is_weekend,route,actual_rate,dummy_baseline,linear_regression,random_forest,xgboost,catboost,actual_rate_per_mile
Atlanta,Phoenix,2083.1,Reefer,40335.0,0.9074,1.94613,10,1,2,0,Atlanta_TO_Phoenix,13894.55,2029.7,4343.304956330674,4344.763283228648,4518.9326,4418.279829561474,6.670131054678124
Lexington,Lubbock,1187.0,Dry Van,25359.0,0.95849,2.17408,10,2,3,0,Lexington_TO_Lubbock,11696.44,2029.7,2388.2573272645727,2314.4025403116034,2340.5364,2356.282623075137,9.853782645324348
Milwaukee,Bakersfield,1893.0,Dry Van,30760.0,1.08079,2.22972,10,3,4,0,Milwaukee_TO_Bakersfield,17514.11,2029.7,3650.3245366740935,3731.609902255613,3670.2952,3782.3218838948856,9.25203909138933
Milwaukee,Baltimore,985.2,Dry Van,16150.0,0.93795,2.21345,10,4,5,1,Milwaukee_TO_Baltimore,8236.26,2029.7,1914.9244517146176,1950.0800645144584,1946.0096,1921.1446878463416,8.359987819732034
Reno,Toledo,2117.6,Dry Van,25124.0,0.94851,2.37759,10,4,5,1,Reno_TO_Toledo,8592.93,2029.7,3962.205414513161,3756.402937283249,3688.089,3944.664022909694,4.057862674726105
Shreveport,Baltimore,1348.4,Reefer,25462.0,0.86034,1.90892,10,5,6,1,Shreveport_TO_Baltimore,11052.72,2029.7,2919.844844116489,2934.5968873440315,2975.355,2920.6674882501325,8.196914862058735
Baton Rouge,Detroit,1189.2,Flatbed,31603.0,0.95007,2.02274,10,7,1,0,Baton Rouge_TO_Detroit,8425.34,2029.7,2594.0381802025317,2481.023766115238,2584.4402,2569.4128352374464,7.084880591994618
Albany,Albuquerque,2492.6,Dry Van,25513.0,1.0559,2.38846,10,8,2,0,Albany_TO_Albuquerque,14425.42,2029.7,4758.51034548491,4396.562450022937,4345.0957,4997.37236839348,5.787298403273691
Lexington,Albany,1040.0,Dry Van,36569.0,1.04012,2.05845,10,8,2,0,Lexington_TO_Albany,10566.25,2029.7,2075.3604063241964,2176.152375615164,2116.2014,2228.471099658652,10.15985576923077
Corpus Christi,Atlanta,832.1,Dry Van,47500.0,0.88212,1.87079,10,13,0,0,Corpus Christi_TO_Atlanta,7004.3,2029.7,1850.389625848342,2021.0806792721105,2142.293,1796.564542269688,8.417618074750632
Providence,Baton Rouge,1590.7,Dry Van,30170.0,0.93687,2.10491,10,14,1,0,Providence_TO_Baton Rouge,9208.2,2029.7,3194.3128199948787,3065.481993488422,3062.8518,3212.16053268647,5.788772238637078
Atlanta,Baltimore,940.4,Dry Van,30598.0,0.9171,2.16316,10,18,5,1,Atlanta_TO_Baltimore,9522.01,2029.7,1972.9565410837251,1930.9795363366215,1912.5862,1905.6015966720088,10.12548915355168
Columbia,Tucson,2023.4,Flatbed,34710.0,0.89822,2.06797,10,20,0,0,Columbia_TO_Tucson,17893.17,2029.7,4115.757782153143,4206.543335949932,4246.8647,4260.610595298533,8.84312049026391
Bakersfield,Columbia,2251.9,Dry Van,40729.0,0.94743,2.19163,10,21,1,0,Bakersfield_TO_Columbia,14403.14,2029.7,4421.848887056904,4246.607473843149,4375.176,4429.027870037582,6.395994493538789
Toledo,Albuquerque,1684.3,Reefer,31536.0,0.98632,2.05917,10,22,2,0,Toledo_TO_Albuquerque,14784.38,2029.7,3571.9277275309764,3431.9193545154094,2904.2378,3740.449769123281,8.77775930653684
Little Rock,Buffalo,1038.6,Flatbed,18497.0,1.05025,2.01241,10,23,3,0,Little Rock_TO_Buffalo,7151.41,2029.7,2213.1218644288574,2240.097896855178,3197.1956,2286.2463944244228,6.885624879645677
Albuquerque,Lexington,1643.6,Dry Van,21757.0,1.01507,2.20519,10,23,3,0,Albuquerque_TO_Lexington,9305.14,2029.7,3201.6391756977728,3072.795504112504,3130.1042,3283.0656202376767,5.6614383061572155
Boston,Bakersfield,2979.1,Reefer,30585.0,0.86501,2.09472,10,27,0,0,Boston_TO_Bakersfield,19110.3,2029.7,5971.045430782033,5982.782833819611,5972.283,5923.420646907007,6.414789701587728
Los Angeles,Richmond,2782.4,Dry Van,25730.0,1.0341,2.39203,10,29,2,0,Los Angeles_TO_Richmond,15003.55,2029.7,5290.590478635788,4925.4557416548905,4938.808,5506.333094616164,5.39230520414031
Corpus Christi,Las Vegas,1383.3,Flatbed,18645.0,1.01713,2.02448,10,29,2,0,Corpus Christi_TO_Las Vegas,11596.28,2029.7,2921.4356108344004,2868.3477896881977,2908.3286,3008.9635269790306,8.383055013373816
Phoenix,Oklahoma City,1261.3,Dry Van,35825.0,1.06957,2.01821,10,30,3,0,Phoenix_TO_Oklahoma City,8276.0,2029.7,2765.6656055012536,2531.3312220011,2679.4321,2768.676843512897,6.561484182985809
Los Angeles,Little Rock,1722.4,Reefer,41796.0,1.03114,1.86271,10,30,3,0,Los Angeles_TO_Little Rock,9939.89,2029.7,3774.601203025881,3789.058519961839,3931.217,3998.409954204968,5.770953320947514
