pickup,delivery,distance,equipment,weight,actual_rate,linear_regression,linear_regression_error,linear_regression_abs_error
Milwaukee,Bakersfield,1893.0,Dry Van,30760.0,17514.11,3650.3245366740935,13863.785463325907,13863.785463325907
Columbia,Tucson,2023.4,Flatbed,34710.0,17893.17,4115.757782153143,13777.412217846855,13777.412217846855
Boston,Bakersfield,2979.1,Reefer,30585.0,19110.3,5971.045430782033,13139.254569217966,13139.254569217966
Toledo,Albuquerque,1684.3,Reefer,31536.0,14784.38,3571.9277275309764,11212.452272469023,11212.452272469023
Bakersfield,Columbia,2251.9,Dry Van,40729.0,14403.14,4421.848887056904,9981.291112943096,9981.291112943096
Los Angeles,Richmond,2782.4,Dry Van,25730.0,15003.55,5290.590478635788,9712.959521364211,9712.959521364211
Albany,Albuquerque,2492.6,Dry Van,25513.0,14425.42,4758.51034548491,9666.90965451509,9666.90965451509
Atlanta,Phoenix,2083.1,Reefer,40335.0,13894.55,4343.304956330674,9551.245043669325,9551.245043669325
Lexington,Lubbock,1187.0,Dry Van,25359.0,11696.44,2388.2573272645727,9308.182672735427,9308.182672735427
Corpus Christi,Las Vegas,1383.3,Flatbed,18645.0,11596.28,2921.4356108344004,8674.8443891656,8674.8443891656
Lexington,Albany,1040.0,Dry Van,36569.0,10566.25,2075.3604063241964,8490.889593675804,8490.889593675804
Shreveport,Baltimore,1348.4,Reefer,25462.0,11052.72,2919.844844116489,8132.87515588351,8132.87515588351
Atlanta,Baltimore,940.4,Dry Van,30598.0,9522.01,1972.9565410837251,7549.053458916275,7549.053458916275
Milwaukee,Baltimore,985.2,Dry Van,16150.0,8236.26,1914.9244517146176,6321.335548285382,6321.335548285382
Los Angeles,Little Rock,1722.4,Reefer,41796.0,9939.89,3774.601203025881,6165.288796974119,6165.288796974119
Albuquerque,Lexington,1643.6,Dry Van,21757.0,9305.14,3201.6391756977728,6103.500824302227,6103.500824302227
Providence,Baton Rouge,1590.7,Dry Van,30170.0,9208.2,3194.3128199948787,6013.887180005122,6013.887180005122
Baton Rouge,Detroit,1189.2,Flatbed,31603.0,8425.34,2594.0381802025317,5831.301819797469,5831.301819797469
Phoenix,Oklahoma City,1261.3,Dry Van,35825.0,8276.0,2765.6656055012536,5510.334394498746,5510.334394498746
Fort Wayne,Atlanta,548.4,Reefer,26544.0,6477.13,1314.3068552341324,5162.823144765867,5162.823144765867
