pickup,delivery,distance,equipment,weight,actual_rate,catboost,catboost_error,catboost_abs_error
Milwaukee,Bakersfield,1893.0,Dry Van,30760.0,17514.11,3782.3218838948856,13731.788116105115,13731.788116105115
Columbia,Tucson,2023.4,Flatbed,34710.0,17893.17,4260.610595298533,13632.559404701466,13632.559404701466
Boston,Bakersfield,2979.1,Reefer,30585.0,19110.3,5923.420646907007,13186.879353092992,13186.879353092992
Toledo,Albuquerque,1684.3,Reefer,31536.0,14784.38,3740.449769123281,11043.930230876718,11043.930230876718
Bakersfield,Columbia,2251.9,Dry Van,40729.0,14403.14,4429.027870037582,9974.112129962417,9974.112129962417
Los Angeles,Richmond,2782.4,Dry Van,25730.0,15003.55,5506.333094616164,9497.216905383835,9497.216905383835
Atlanta,Phoenix,2083.1,Reefer,40335.0,13894.55,4418.279829561474,9476.270170438525,9476.270170438525
Albany,Albuquerque,2492.6,Dry Van,25513.0,14425.42,4997.37236839348,9428.04763160652,9428.04763160652
Lexington,Lubbock,1187.0,Dry Van,25359.0,11696.44,2356.282623075137,9340.157376924864,9340.157376924864
Corpus Christi,Las Vegas,1383.3,Flatbed,18645.0,11596.28,3008.9635269790306,8587.31647302097,8587.31647302097
Lexington,Albany,1040.0,Dry Van,36569.0,10566.25,2228.471099658652,8337.778900341349,8337.778900341349
Shreveport,Baltimore,1348.4,Reefer,25462.0,11052.72,2920.6674882501325,8132.052511749867,8132.052511749867
Atlanta,Baltimore,940.4,Dry Van,30598.0,9522.01,1905.6015966720088,7616.408403327991,7616.408403327991
Milwaukee,Baltimore,985.2,Dry Van,16150.0,8236.26,1921.1446878463416,6315.115312153659,6315.115312153659
Albuquerque,Lexington,1643.6,Dry Van,21757.0,9305.14,3283.0656202376767,6022.074379762323,6022.074379762323
Providence,Baton Rouge,1590.7,Dry Van,30170.0,9208.2,3212.16053268647,5996.039467313531,5996.039467313531
Los Angeles,Little Rock,1722.4,Reefer,41796.0,9939.89,3998.409954204968,5941.480045795031,5941.480045795031
Baton Rouge,Detroit,1189.2,Flatbed,31603.0,8425.34,2569.4128352374464,5855.927164762554,5855.927164762554
Phoenix,Oklahoma City,1261.3,Dry Van,35825.0,8276.0,2768.676843512897,5507.323156487103,5507.323156487103
Fort Wayne,Atlanta,548.4,Reefer,26544.0,6477.13,1246.4281112153103,5230.70188878469,5230.70188878469
